Age,Sex,Job,Housing,Saving accounts,Checking account,Credit amount,Duration,Purpose,Risk,Age_cat
67,male,2,own,,little,1169,6,radio/TV,good,Senior
22,female,2,own,little,moderate,5951,48,radio/TV,bad,Student
49,male,1,own,little,,2096,12,education,good,Adult
45,male,2,free,little,little,7882,42,furniture/equipment,good,Adult
53,male,2,free,little,little,4870,24,car,bad,Adult
35,male,1,free,,,9055,36,education,good,Young
53,male,2,own,quite rich,,2835,24,furniture/equipment,good,Adult
35,male,3,rent,little,moderate,6948,36,car,good,Young
61,male,1,own,rich,,3059,12,radio/TV,good,Senior
28,male,3,own,little,moderate,5234,30,car,bad,Young
25,female,2,rent,little,moderate,1295,12,car,bad,Student
24,female,2,rent,little,little,4308,48,business,bad,Student
22,female,2,own,little,moderate,1567,12,radio/TV,good,Student
60,male,1,own,little,little,1199,24,car,bad,Adult
28,female,2,rent,little,little,1403,15,car,good,Young
32,female,1,own,moderate,little,1282,24,radio/TV,bad,Young
53,male,2,own,,,2424,24,radio/TV,good,Adult
25,male,2,own,,little,8072,30,business,good,Student
44,female,3,free,little,moderate,12579,24,car,bad,Adult
31,male,2,own,quite rich,,3430,24,radio/TV,good,Young
48,male,2,own,little,,2134,9,car,good,Adult
44,male,2,rent,quite rich,little,2647,6,radio/TV,good,Adult
48,male,1,rent,little,little,2241,10,car,good,Adult
44,male,2,own,moderate,moderate,1804,12,car,good,Adult
26,male,2,own,,,2069,10,furniture/equipment,good,Young
36,male,1,own,little,little,1374,6,furniture/equipment,good,Adult
39,male,1,own,little,,426,6,radio/TV,good,Adult
42,female,2,rent,rich,rich,409,12,radio/TV,good,Adult
34,male,2,own,little,moderate,2415,7,radio/TV,good,Young
63,male,2,own,little,little,6836,60,business,bad,Senior
36,male,2,own,rich,moderate,1913,18,business,good,Adult
27,male,2,own,little,little,4020,24,furniture/equipment,good,Young
30,male,2,own,moderate,moderate,5866,18,car,good,Young
57,male,1,rent,,,1264,12,business,good,Adult
33,female,3,own,little,rich,1474,12,furniture/equipment,good,Young
25,male,1,own,little,moderate,4746,45,radio/TV,bad,Student
31,male,2,free,little,,6110,48,education,good,Young
37,male,2,own,little,rich,2100,18,radio/TV,bad,Adult
37,male,2,own,little,rich,1225,10,domestic appliances,good,Adult
24,male,2,own,little,moderate,458,9,radio/TV,good,Student
30,male,3,own,quite rich,,2333,30,radio/TV,good,Young
26,male,2,own,quite rich,moderate,1158,12,radio/TV,good,Young
44,male,1,own,little,moderate,6204,18,repairs,good,Adult
24,male,2,rent,moderate,little,6187,30,car,good,Student
58,female,1,free,little,little,6143,48,car,bad,Adult
35,female,3,own,little,,1393,11,car,good,Young
39,male,2,own,quite rich,,2299,36,radio/TV,good,Adult
23,female,0,rent,quite rich,little,1352,6,car,good,Student
39,male,1,own,little,,7228,11,car,good,Adult
28,female,2,own,moderate,,2073,12,radio/TV,good,Young
29,male,1,own,,moderate,2333,24,furniture/equipment,good,Young
30,male,3,own,little,moderate,5965,27,car,good,Young
25,male,2,own,little,,1262,12,radio/TV,good,Student
31,male,2,own,,,3378,18,car,good,Young
57,male,2,free,little,moderate,2225,36,car,bad,Adult
26,male,1,own,,,783,6,car,good,Young
52,male,3,own,,moderate,6468,12,radio/TV,bad,Adult
31,female,2,own,little,,9566,36,radio/TV,good,Young
23,female,3,own,little,rich,1961,18,car,good,Student
23,female,1,rent,little,little,6229,36,furniture/equipment,bad,Student
27,male,2,own,little,moderate,1391,9,business,good,Young
50,male,2,own,,moderate,1537,15,radio/TV,good,Adult
61,male,3,free,little,moderate,1953,36,business,bad,Senior
25,male,2,own,little,moderate,14421,48,business,bad,Student
26,female,2,own,little,,3181,24,radio/TV,good,Young
48,male,2,own,,,5190,27,repairs,good,Adult
29,female,2,own,little,,2171,12,radio/TV,good,Young
22,male,2,own,rich,moderate,1007,12,car,good,Student
37,male,2,free,little,,1819,36,education,bad,Adult
25,female,2,own,,,2394,36,radio/TV,good,Student
30,female,2,own,little,,8133,36,car,good,Young
46,male,1,rent,,,730,7,radio/TV,good,Adult
51,male,3,free,little,little,1164,8,vacation/others,good,Adult
41,female,1,own,little,moderate,5954,42,business,good,Adult
40,male,3,own,,little,1977,36,education,bad,Adult
66,male,3,free,little,little,1526,12,car,good,Senior
34,male,2,own,little,little,3965,42,radio/TV,bad,Young
51,male,2,own,little,moderate,4771,11,radio/TV,good,Adult
39,male,1,own,,,9436,54,car,good,Adult
22,male,2,own,little,moderate,3832,30,furniture/equipment,good,Student
44,female,2,own,,,5943,24,radio/TV,bad,Adult
47,male,2,own,quite rich,,1213,15,radio/TV,good,Adult
24,female,1,rent,moderate,,1568,18,business,good,Student
58,female,1,own,little,little,1755,24,vacation/others,good,Adult
52,male,1,own,little,little,2315,10,radio/TV,good,Adult
29,female,3,own,little,,1412,12,business,good,Young
27,female,2,own,little,moderate,1295,18,furniture/equipment,good,Young
47,male,2,free,moderate,moderate,12612,36,education,bad,Adult
30,male,3,own,moderate,little,2249,18,car,good,Young
28,male,2,own,little,little,1108,12,repairs,bad,Young
56,male,2,own,little,,618,12,radio/TV,good,Adult
54,male,2,own,little,little,1409,12,car,good,Adult
33,female,1,own,,,797,12,radio/TV,bad,Young
20,male,2,rent,,rich,3617,24,furniture/equipment,good,Student
54,male,2,own,rich,moderate,1318,12,car,good,Adult
58,male,2,rent,little,moderate,15945,54,business,bad,Adult
61,female,2,own,,,2012,12,education,good,Senior
34,male,2,own,moderate,moderate,2622,18,business,good,Young
36,male,2,own,little,moderate,2337,36,radio/TV,good,Adult
36,male,3,rent,,moderate,7057,20,car,good,Adult
41,male,1,rent,moderate,,1469,24,car,good,Adult
24,male,2,rent,little,moderate,2323,36,radio/TV,good,Student
24,female,2,own,little,,932,6,radio/TV,good,Student
35,male,2,rent,little,moderate,1919,9,furniture/equipment,good,Young
26,male,2,rent,,,2445,12,car,good,Young
39,male,3,own,little,moderate,11938,24,vacation/others,bad,Adult
39,male,3,own,little,,6458,18,car,bad,Adult
32,male,2,own,little,moderate,6078,12,car,good,Young
30,female,2,own,,little,7721,24,furniture/equipment,good,Young
35,male,2,own,quite rich,moderate,1410,14,business,good,Young
31,male,2,own,moderate,moderate,1449,6,business,good,Young
23,female,2,rent,little,rich,392,15,education,good,Student
28,male,1,rent,little,moderate,6260,18,car,good,Young
25,female,2,own,little,,7855,36,car,bad,Student
35,male,2,own,quite rich,little,1680,12,radio/TV,good,Young
47,male,2,own,,,3578,48,radio/TV,good,Adult
30,female,3,own,,little,7174,42,radio/TV,bad,Young
27,female,2,rent,,little,2132,10,furniture/equipment,good,Young
23,female,2,own,quite rich,little,4281,33,furniture/equipment,bad,Student
36,male,3,own,quite rich,moderate,2366,12,car,good,Adult
25,female,2,own,little,little,1835,21,radio/TV,bad,Student
41,female,3,rent,little,,3868,24,car,good,Adult
24,male,1,rent,little,,1768,12,furniture/equipment,good,Student
63,male,2,free,little,rich,781,10,car,good,Senior
27,female,2,rent,,moderate,1924,18,furniture/equipment,bad,Young
30,male,2,own,little,little,2121,12,car,good,Young
40,male,1,own,little,little,701,12,radio/TV,good,Adult
30,male,2,own,little,moderate,639,12,repairs,bad,Young
34,male,3,own,little,moderate,1860,12,car,good,Young
29,female,2,own,little,little,3499,12,car,bad,Young
24,female,2,own,,moderate,8487,48,car,good,Student
29,male,2,own,little,little,6887,36,education,bad,Young
27,male,1,own,little,,2708,15,furniture/equipment,good,Young
47,male,2,free,little,,1984,18,furniture/equipment,good,Adult
21,female,2,own,moderate,,10144,60,radio/TV,good,Student
38,female,2,own,,,1240,12,radio/TV,good,Adult
27,male,2,own,rich,,8613,27,car,good,Young
66,male,1,own,quite rich,moderate,766,12,radio/TV,bad,Senior
35,male,2,own,,moderate,2728,15,radio/TV,good,Young
44,female,1,rent,little,rich,1881,12,radio/TV,good,Adult
27,male,0,own,rich,rich,709,6,car,good,Young
30,female,3,own,little,moderate,4795,36,radio/TV,good,Young
27,male,3,own,little,little,3416,27,radio/TV,good,Young
22,male,2,own,little,little,2462,18,furniture/equipment,bad,Student
23,female,2,own,little,,2288,21,furniture/equipment,good,Student
30,male,2,own,moderate,moderate,3566,48,business,good,Young
39,female,2,own,little,little,860,6,car,good,Adult
51,female,2,own,moderate,,682,12,car,good,Adult
28,male,2,own,little,little,5371,36,furniture/equipment,good,Young
46,male,2,own,rich,,1582,18,radio/TV,good,Adult
42,male,2,free,moderate,,1346,6,radio/TV,good,Adult
38,male,2,own,little,,1924,10,radio/TV,good,Adult
24,male,2,own,little,rich,5848,36,radio/TV,good,Student
29,female,2,rent,rich,moderate,7758,24,car,good,Young
36,male,3,rent,moderate,moderate,6967,24,business,good,Adult
20,female,2,rent,little,little,1282,12,furniture/equipment,bad,Student
48,male,2,own,moderate,little,1288,9,repairs,good,Adult
45,male,1,own,little,little,339,12,education,good,Adult
38,male,2,own,moderate,moderate,3512,24,car,good,Adult
34,male,1,own,,,1898,6,radio/TV,good,Young
36,male,2,own,moderate,,2872,24,radio/TV,good,Adult
30,female,2,own,little,,1055,18,car,good,Young
36,male,2,own,quite rich,,1262,15,domestic appliances,good,Adult
70,male,3,free,little,moderate,7308,10,car,good,Senior
36,male,2,own,quite rich,,909,36,car,good,Adult
32,male,2,own,quite rich,,2978,6,furniture/equipment,good,Young
33,female,2,own,little,little,1131,18,furniture/equipment,bad,Young
20,female,2,own,rich,moderate,1577,11,furniture/equipment,good,Student
25,female,2,rent,little,,3972,24,furniture/equipment,good,Student
31,male,2,own,little,moderate,1935,24,business,bad,Young
33,male,2,rent,little,little,950,15,car,bad,Young
26,female,2,own,little,,763,12,furniture/equipment,good,Young
34,female,3,own,little,moderate,2064,24,furniture/equipment,bad,Young
33,male,2,own,little,moderate,1414,8,radio/TV,good,Young
26,male,2,own,little,little,3414,21,education,bad,Young
53,female,3,own,,,7485,30,car,bad,Adult
42,male,2,own,little,little,2577,12,furniture/equipment,good,Adult
52,male,2,own,quite rich,little,338,6,radio/TV,good,Adult
31,male,3,rent,little,,1963,12,radio/TV,good,Young
65,male,2,own,little,little,571,21,car,good,Senior
28,male,2,own,little,,9572,36,business,bad,Young
30,male,3,own,little,moderate,4455,36,business,bad,Young
40,male,1,own,,little,1647,21,car,bad,Adult
50,male,2,own,rich,,3777,24,furniture/equipment,good,Adult
36,male,2,own,little,moderate,884,18,car,bad,Adult
31,male,2,own,little,,1360,15,radio/TV,good,Young
74,female,3,free,little,moderate,5129,9,car,bad,Senior
68,male,0,free,little,moderate,1175,16,car,good,Senior
20,male,2,own,moderate,little,674,12,radio/TV,bad,Student
33,female,2,own,little,moderate,3244,18,furniture/equipment,good,Young
54,male,3,own,rich,,4591,24,business,bad,Adult
34,male,1,free,moderate,moderate,3844,48,business,bad,Young
36,male,2,own,little,moderate,3915,27,business,bad,Adult
29,male,2,rent,little,,2108,6,radio/TV,good,Young
21,male,2,rent,moderate,moderate,3031,45,radio/TV,bad,Student
34,female,3,own,little,moderate,1501,9,education,bad,Young
28,female,2,own,little,,1382,6,radio/TV,good,Young
27,female,2,rent,moderate,moderate,951,12,furniture/equipment,bad,Young
36,male,2,free,,moderate,2760,24,car,good,Adult
40,male,3,own,little,moderate,4297,18,furniture/equipment,bad,Adult
52,male,2,own,quite rich,,936,9,education,good,Adult
27,male,1,own,little,little,1168,12,car,good,Young
26,male,2,own,little,,5117,27,business,good,Young
21,male,2,rent,little,little,902,12,education,bad,Student
38,male,1,own,little,,1495,12,car,good,Adult
38,male,3,free,little,little,10623,30,car,good,Adult
43,male,2,own,little,,1935,12,furniture/equipment,good,Adult
26,male,2,own,little,moderate,1424,12,domestic appliances,good,Young
21,male,1,own,little,little,6568,24,business,good,Student
55,male,2,own,rich,,1413,12,car,good,Adult
33,male,2,own,,,3074,9,radio/TV,good,Young
45,female,1,own,,,3835,36,radio/TV,good,Adult
50,male,2,own,little,little,5293,27,business,bad,Adult
66,male,3,own,little,rich,1908,30,business,bad,Senior
51,male,2,own,,,3342,36,radio/TV,good,Adult
39,female,1,own,,moderate,932,6,education,good,Adult
31,male,2,own,little,little,3104,18,business,good,Young
23,male,2,own,little,rich,3913,36,radio/TV,good,Student
24,male,1,rent,little,little,3021,24,furniture/equipment,good,Student
64,female,2,own,little,,1364,10,car,good,Senior
26,male,1,own,little,moderate,625,12,radio/TV,good,Young
23,female,2,rent,,little,1200,12,education,good,Student
30,male,2,own,little,,707,12,radio/TV,good,Young
32,male,2,own,,,2978,24,business,good,Young
30,male,2,own,little,,4657,15,car,good,Young
27,male,2,own,little,,2613,36,repairs,good,Young
27,male,2,own,rich,moderate,10961,48,radio/TV,bad,Young
53,male,3,free,little,little,7865,12,furniture/equipment,bad,Adult
22,male,2,own,little,,1478,9,radio/TV,bad,Student
22,male,2,free,little,little,3149,24,furniture/equipment,good,Student
26,male,2,own,little,rich,4210,36,radio/TV,bad,Young
51,male,1,free,quite rich,,2507,9,car,good,Adult
35,male,2,own,moderate,,2141,12,radio/TV,good,Young
25,male,1,own,little,moderate,866,18,radio/TV,good,Student
42,male,1,own,little,,1544,4,radio/TV,good,Adult
30,male,3,own,little,little,1823,24,radio/TV,bad,Young
23,male,0,own,,moderate,14555,6,car,bad,Student
61,male,1,rent,moderate,moderate,2767,21,business,bad,Senior
35,female,2,own,little,,1291,12,radio/TV,good,Young
39,male,2,own,little,little,2522,30,radio/TV,good,Adult
29,female,2,own,,little,915,24,car,bad,Young
51,male,2,own,little,,1595,6,radio/TV,good,Adult
24,male,2,free,little,little,4605,48,car,bad,Student
27,female,2,own,little,,1185,12,business,good,Young
35,female,1,own,quite rich,,3447,12,education,good,Young
25,male,2,own,little,,1258,24,business,good,Student
52,male,2,own,little,,717,12,radio/TV,good,Adult
35,male,2,rent,moderate,,1204,6,car,good,Young
26,male,2,own,little,rich,1925,24,furniture/equipment,good,Young
22,female,2,rent,little,,433,18,radio/TV,bad,Student
39,female,1,own,rich,little,666,6,car,good,Adult
46,female,1,own,little,rich,2251,12,furniture/equipment,good,Adult
24,female,2,own,little,moderate,2150,30,car,bad,Student
35,male,2,own,moderate,,4151,24,furniture/equipment,good,Young
24,male,2,own,,moderate,2030,9,furniture/equipment,good,Student
27,male,1,own,,moderate,7418,60,radio/TV,good,Young
35,male,1,own,little,,2684,24,radio/TV,good,Young
29,male,2,free,little,little,2149,12,radio/TV,bad,Young
23,female,2,own,moderate,,3812,15,car,good,Student
57,female,1,own,moderate,,1154,11,radio/TV,good,Adult
27,male,2,own,little,little,1657,12,furniture/equipment,good,Young
55,female,2,own,little,little,1603,24,radio/TV,good,Adult
36,male,3,free,little,little,5302,18,car,good,Adult
57,female,1,free,little,,2748,12,education,good,Adult
32,male,1,own,little,,1231,10,car,good,Young
37,male,2,own,little,moderate,802,15,radio/TV,bad,Adult
36,male,2,own,,,6304,36,business,good,Adult
38,female,2,own,little,,1533,24,radio/TV,good,Adult
45,male,3,own,little,little,8978,14,car,bad,Adult
25,male,2,own,,,999,24,radio/TV,good,Student
32,male,2,own,,,2662,18,car,good,Young
37,female,2,rent,quite rich,,1402,12,furniture/equipment,good,Adult
36,male,3,free,,moderate,12169,48,car,good,Adult
28,male,2,own,little,moderate,3060,48,radio/TV,bad,Young
34,male,1,own,little,little,11998,30,repairs,bad,Young
32,male,2,own,little,,2697,9,radio/TV,good,Young
26,female,2,own,little,,2404,18,radio/TV,good,Young
49,male,1,own,,little,1262,12,furniture/equipment,good,Adult
32,female,2,own,little,,4611,6,furniture/equipment,bad,Young
29,male,3,rent,moderate,,1901,24,radio/TV,good,Young
23,male,2,rent,rich,,3368,15,car,good,Student
50,male,2,own,little,,1574,12,furniture/equipment,good,Adult
49,male,1,own,,rich,1445,18,radio/TV,good,Adult
63,male,2,own,,,1520,15,furniture/equipment,good,Senior
37,male,2,own,moderate,moderate,3878,24,car,good,Adult
35,female,1,own,little,little,10722,47,car,good,Young
26,male,2,own,little,little,4788,48,car,good,Young
31,male,3,free,moderate,moderate,7582,48,vacation/others,good,Young
49,female,2,own,little,moderate,1092,12,radio/TV,good,Adult
48,male,2,own,little,little,1024,24,radio/TV,bad,Adult
26,male,2,own,little,,1076,12,business,good,Young
28,male,3,rent,little,moderate,9398,36,car,bad,Young
44,female,3,free,little,little,6419,24,car,good,Adult
56,male,2,free,little,rich,4796,42,car,good,Adult
46,male,3,own,,,7629,48,business,good,Adult
26,female,2,own,little,moderate,9960,48,furniture/equipment,bad,Young
20,female,2,rent,,,4675,12,car,good,Student
45,male,1,own,,,1287,10,car,good,Adult
43,male,2,own,little,,2515,18,furniture/equipment,good,Adult
32,male,2,own,rich,moderate,2745,21,furniture/equipment,good,Young
54,female,0,own,little,,672,6,car,good,Adult
42,female,2,own,little,moderate,3804,36,radio/TV,bad,Adult
37,male,1,own,,rich,1344,24,car,bad,Adult
49,male,2,own,little,little,1038,10,car,good,Adult
44,male,2,free,quite rich,,10127,48,car,bad,Adult
33,male,2,own,rich,,1543,6,furniture/equipment,good,Young
24,female,1,rent,,,4811,30,car,good,Student
33,male,1,own,moderate,little,727,12,radio/TV,bad,Young
24,female,2,own,little,moderate,1237,8,furniture/equipment,bad,Student
22,male,1,rent,little,moderate,276,9,car,good,Student
40,male,0,free,,moderate,5381,48,vacation/others,good,Adult
25,male,2,own,moderate,,5511,24,furniture/equipment,good,Student
26,female,2,own,little,rich,3749,24,furniture/equipment,good,Young
25,male,1,own,little,moderate,685,12,car,bad,Student
29,male,1,own,,rich,1494,4,car,good,Young
31,male,2,own,little,little,2746,36,furniture/equipment,bad,Young
38,male,1,own,little,little,708,12,furniture/equipment,good,Adult
48,female,1,own,,moderate,4351,24,furniture/equipment,good,Adult
32,male,2,own,little,,701,12,education,good,Young
27,female,1,own,little,little,3643,15,furniture/equipment,good,Young
28,male,3,own,little,moderate,4249,30,car,bad,Young
32,male,2,own,little,little,1938,24,radio/TV,bad,Young
34,male,3,free,little,little,2910,24,car,good,Young
28,male,2,own,rich,little,2659,18,furniture/equipment,good,Young
36,female,2,own,little,,1028,18,car,good,Adult
39,male,1,own,little,little,3398,8,car,good,Adult
49,male,2,rent,,,5801,12,furniture/equipment,good,Adult
34,female,2,own,rich,,1525,24,car,good,Young
31,male,2,own,little,rich,4473,36,radio/TV,good,Young
28,male,2,own,little,moderate,1068,6,radio/TV,good,Young
75,male,3,free,little,little,6615,24,car,good,Senior
30,female,2,own,moderate,,1864,18,education,bad,Young
24,female,3,own,moderate,moderate,7408,60,car,bad,Student
24,female,1,rent,moderate,,11590,48,car,bad,Student
23,male,2,rent,little,little,4110,24,furniture/equipment,bad,Student
44,male,3,rent,little,little,3384,6,furniture/equipment,bad,Adult
23,female,1,own,little,moderate,2101,13,radio/TV,good,Student
24,female,2,rent,,little,1275,15,domestic appliances,bad,Student
28,male,2,own,little,little,4169,24,furniture/equipment,good,Young
31,male,1,own,little,moderate,1521,10,furniture/equipment,good,Young
24,female,2,free,little,moderate,5743,24,education,good,Student
26,female,1,rent,little,little,3599,21,furniture/equipment,good,Young
25,male,2,rent,quite rich,moderate,3213,18,radio/TV,good,Student
33,male,3,own,little,moderate,4439,18,business,good,Young
37,male,1,own,little,rich,3949,10,car,good,Adult
43,female,1,own,little,,1459,15,radio/TV,good,Adult
23,male,2,own,little,moderate,882,13,radio/TV,good,Student
23,female,0,rent,quite rich,moderate,3758,24,radio/TV,good,Student
34,male,1,own,moderate,,1743,6,business,good,Young
32,male,2,free,rich,moderate,1136,9,education,bad,Young
23,female,2,rent,little,,1236,9,domestic appliances,good,Student
29,female,2,own,little,moderate,959,9,furniture/equipment,bad,Young
38,male,3,own,,,3229,18,car,good,Adult
28,male,2,rent,little,little,6199,12,radio/TV,bad,Young
46,male,2,free,quite rich,,727,10,education,good,Adult
23,male,1,own,little,moderate,1246,24,car,bad,Student
49,male,2,own,,,2331,12,radio/TV,good,Adult
26,male,3,own,little,,4463,36,radio/TV,bad,Young
28,male,2,own,little,,776,12,radio/TV,good,Young
23,female,2,rent,little,little,2406,30,furniture/equipment,bad,Student
61,male,2,free,,moderate,1239,18,education,good,Senior
37,male,3,own,,rich,3399,12,radio/TV,good,Adult
36,female,2,own,little,rich,2247,12,car,good,Adult
21,male,2,rent,little,,1766,6,furniture/equipment,good,Student
25,male,0,own,little,little,2473,18,furniture/equipment,bad,Student
36,male,2,own,little,,1542,12,business,good,Adult
27,male,2,own,little,,3850,18,car,good,Young
22,female,2,rent,little,little,3650,18,furniture/equipment,good,Student
42,male,2,own,little,little,3446,36,furniture/equipment,bad,Adult
40,female,2,rent,little,moderate,3001,18,furniture/equipment,good,Adult
36,male,2,own,,,3079,36,car,good,Adult
33,male,2,own,little,,6070,18,radio/TV,good,Young
23,female,2,rent,little,,2146,10,furniture/equipment,good,Student
63,male,3,free,,,13756,60,car,good,Senior
60,female,3,free,moderate,moderate,14782,60,vacation/others,bad,Adult
37,female,2,rent,little,little,7685,48,business,bad,Adult
34,male,2,own,little,,2320,18,radio/TV,good,Young
36,male,2,free,,,846,7,radio/TV,good,Adult
57,male,3,free,little,moderate,14318,36,car,bad,Adult
52,female,1,own,moderate,,362,6,car,good,Adult
39,male,2,own,,little,2212,20,furniture/equipment,good,Adult
38,female,3,free,little,moderate,12976,18,car,bad,Adult
25,female,2,rent,,,1283,22,car,good,Student
26,male,2,own,little,rich,1330,12,car,good,Young
26,male,1,own,moderate,,4272,30,business,good,Young
25,female,2,own,little,,2238,18,radio/TV,good,Student
21,female,2,rent,,,1126,18,radio/TV,good,Student
40,male,3,own,little,moderate,7374,18,furniture/equipment,good,Adult
27,male,2,own,quite rich,moderate,2326,15,business,good,Young
27,female,2,own,little,,1449,9,business,good,Young
30,male,3,own,little,,1820,18,car,good,Young
19,female,1,rent,rich,moderate,983,12,furniture/equipment,good,Student
39,male,3,free,little,little,3249,36,car,good,Adult
31,female,2,own,little,little,1957,6,radio/TV,good,Young
31,male,3,own,little,,2406,9,furniture/equipment,good,Young
32,male,2,rent,moderate,moderate,11760,39,education,good,Young
55,female,3,free,little,little,2578,12,furniture/equipment,good,Adult
46,male,2,own,little,little,2348,36,furniture/equipment,good,Adult
46,male,2,rent,little,moderate,1223,12,car,bad,Adult
43,female,1,own,rich,,1516,24,radio/TV,good,Adult
39,male,2,own,little,,1473,18,radio/TV,good,Adult
28,male,2,own,,moderate,1887,18,business,good,Young
27,male,2,own,little,,8648,24,business,bad,Young
27,male,1,own,little,,802,14,car,good,Young
43,male,2,own,,moderate,2899,18,car,good,Adult
22,male,2,own,little,moderate,2039,24,radio/TV,bad,Student
43,male,2,own,,,2197,24,car,good,Adult
27,male,2,own,little,little,1053,15,radio/TV,good,Young
26,male,3,own,quite rich,,3235,24,radio/TV,good,Young
28,male,2,own,quite rich,rich,939,12,car,bad,Young
20,female,2,own,little,moderate,1967,24,radio/TV,good,Student
35,male,3,own,little,,7253,33,car,good,Young
42,male,3,own,little,,2292,12,business,bad,Adult
40,male,1,rent,quite rich,,1597,10,car,good,Adult
35,female,2,own,,little,1381,24,car,bad,Young
35,male,2,own,little,,5842,36,car,good,Young
33,male,1,own,little,little,2579,12,car,bad,Young
23,female,2,rent,,little,8471,18,education,good,Student
31,female,3,own,quite rich,,2782,21,car,good,Young
33,female,2,own,,moderate,1042,18,car,bad,Young
20,female,2,rent,rich,,3186,15,car,good,Student
30,male,2,own,,moderate,2028,12,car,good,Young
47,male,1,own,little,moderate,958,12,car,good,Adult
34,male,3,own,moderate,,1591,21,furniture/equipment,good,Young
25,female,2,own,,moderate,2762,12,furniture/equipment,bad,Student
21,male,2,rent,little,moderate,2779,18,car,good,Student
29,male,2,own,little,,2743,28,radio/TV,good,Young
46,male,2,own,rich,,1149,18,radio/TV,good,Adult
20,male,2,own,little,,1313,9,furniture/equipment,good,Student
55,female,0,free,little,little,1190,18,repairs,bad,Adult
74,male,1,own,little,,3448,5,business,good,Senior
29,male,3,own,little,moderate,11328,24,vacation/others,bad,Young
36,male,3,free,little,little,1872,6,furniture/equipment,good,Adult
33,male,2,own,little,,2058,24,repairs,good,Young
25,male,2,own,little,little,2136,9,furniture/equipment,good,Student
25,male,2,own,,moderate,1484,12,radio/TV,bad,Student
23,male,1,rent,quite rich,,660,6,repairs,good,Student
37,female,2,own,rich,,1287,24,car,good,Adult
65,male,0,own,little,little,3394,42,repairs,good,Senior
26,female,0,own,little,rich,609,12,business,bad,Young
39,male,3,own,little,,1884,12,car,good,Adult
30,female,2,own,little,little,1620,12,furniture/equipment,good,Young
29,male,2,own,little,moderate,2629,20,vacation/others,good,Young
41,male,1,own,little,,719,12,education,bad,Adult
30,female,3,own,little,moderate,5096,48,furniture/equipment,bad,Young
41,female,1,rent,,,1244,9,education,good,Adult
34,female,2,own,little,little,1842,36,car,bad,Young
35,male,2,own,little,moderate,2576,7,radio/TV,good,Young
55,female,3,own,,rich,1424,12,furniture/equipment,good,Adult
61,male,2,own,rich,moderate,1512,15,repairs,bad,Senior
30,male,3,own,,,11054,36,car,good,Young
29,female,2,own,little,,518,6,radio/TV,good,Young
34,male,2,own,little,,2759,12,furniture/equipment,good,Young
35,male,3,own,little,,2670,24,car,good,Young
31,male,2,own,little,little,4817,24,car,bad,Young
29,female,3,own,little,,2679,24,car,good,Young
36,male,2,rent,little,little,3905,11,car,good,Adult
35,male,2,free,little,little,3386,12,car,bad,Young
27,female,2,own,little,little,343,6,domestic appliances,good,Young
32,male,2,own,little,,4594,18,radio/TV,good,Young
37,male,2,own,little,little,3620,36,furniture/equipment,good,Adult
36,male,2,own,little,little,1721,15,car,good,Adult
34,female,3,rent,little,moderate,3017,12,furniture/equipment,good,Young
38,male,2,own,,moderate,754,12,education,good,Adult
34,male,2,own,little,,1950,18,business,good,Young
63,male,2,own,little,little,2924,24,car,good,Senior
29,female,1,rent,little,little,1659,24,radio/TV,bad,Young
32,male,2,own,,,7238,48,radio/TV,good,Young
26,female,2,own,little,,2764,33,business,good,Young
35,male,1,own,little,,4679,24,car,good,Young
22,male,2,rent,moderate,moderate,3092,24,radio/TV,bad,Student
23,female,2,own,little,little,448,6,education,bad,Student
28,male,1,own,little,little,654,9,car,bad,Young
36,male,3,own,,,1238,6,education,good,Adult
33,male,2,own,little,moderate,1245,18,radio/TV,bad,Young
26,female,2,rent,little,little,3114,18,furniture/equipment,bad,Young
24,male,2,own,quite rich,,2569,39,car,good,Student
25,male,2,own,little,rich,5152,24,radio/TV,good,Student
39,male,1,own,moderate,moderate,1037,12,business,good,Adult
44,male,2,own,little,little,1478,15,furniture/equipment,good,Adult
23,female,1,own,little,moderate,3573,12,radio/TV,good,Student
26,male,2,own,little,moderate,1201,24,car,good,Young
57,female,2,rent,rich,little,3622,30,furniture/equipment,good,Adult
30,female,2,own,rich,,960,15,furniture/equipment,good,Young
44,male,2,own,quite rich,,1163,12,car,good,Adult
47,male,3,own,little,moderate,1209,6,car,bad,Adult
52,male,2,own,little,,3077,12,radio/TV,good,Adult
62,female,2,free,little,,3757,24,car,good,Senior
35,male,1,rent,moderate,,1418,10,car,good,Young
26,male,2,rent,little,,3518,6,car,good,Young
26,male,2,own,little,,1934,12,radio/TV,good,Young
42,female,3,free,little,moderate,8318,27,business,bad,Adult
27,female,2,own,moderate,,1237,6,radio/TV,good,Young
38,male,2,own,,moderate,368,6,radio/TV,good,Adult
39,male,1,rent,little,little,2122,12,car,good,Adult
20,male,2,own,,little,2996,24,furniture/equipment,bad,Student
29,male,3,rent,moderate,moderate,9034,36,furniture/equipment,bad,Young
40,male,2,own,little,,1585,24,furniture/equipment,good,Adult
32,male,1,own,little,moderate,1301,18,radio/TV,good,Young
28,male,2,own,moderate,rich,1323,6,car,good,Young
27,female,2,own,little,little,3123,24,car,bad,Young
42,male,2,free,little,little,5493,36,car,good,Adult
49,male,2,own,moderate,rich,1126,9,radio/TV,good,Adult
38,male,2,own,moderate,moderate,1216,24,radio/TV,bad,Adult
24,female,2,rent,little,little,1207,24,car,bad,Student
27,male,1,own,,,1309,10,car,bad,Young
36,male,2,own,quite rich,rich,2360,15,car,good,Adult
34,male,3,own,moderate,moderate,6850,15,car,bad,Young
28,male,2,own,little,,1413,24,radio/TV,good,Young
45,male,3,own,moderate,,8588,39,car,good,Adult
26,male,2,own,little,little,759,12,car,bad,Young
32,male,3,free,little,,4686,36,car,good,Young
26,male,2,rent,little,rich,2687,15,business,good,Young
20,male,2,rent,little,moderate,585,12,radio/TV,good,Student
54,male,2,own,,,2255,24,car,good,Adult
37,female,2,own,little,little,609,6,car,good,Adult
40,male,1,own,little,little,1361,6,car,good,Adult
23,female,2,rent,little,,7127,36,furniture/equipment,bad,Student
43,male,2,own,moderate,little,1203,6,car,good,Adult
36,male,2,free,,,700,6,radio/TV,good,Adult
44,male,2,free,little,,5507,24,repairs,good,Adult
24,female,2,own,little,little,3190,18,radio/TV,bad,Student
53,male,2,free,little,little,7119,48,furniture/equipment,bad,Adult
23,female,2,own,moderate,,3488,24,car,good,Student
26,female,1,own,little,moderate,1113,18,radio/TV,good,Young
30,male,2,own,little,moderate,7966,26,car,good,Young
31,female,2,own,moderate,,1532,15,education,good,Young
42,male,1,own,little,,1503,4,radio/TV,good,Adult
31,male,2,rent,little,little,2302,36,radio/TV,bad,Young
41,male,1,own,little,little,662,6,car,good,Adult
32,male,2,own,little,moderate,2273,36,education,good,Young
28,female,2,rent,moderate,moderate,2631,15,car,bad,Young
41,male,2,rent,little,,1503,12,car,good,Adult
26,male,2,own,moderate,,1311,24,radio/TV,good,Young
25,male,2,own,,,3105,24,radio/TV,good,Student
33,male,2,rent,little,rich,2319,21,education,bad,Young
75,female,3,own,,little,1374,6,car,good,Senior
37,female,2,own,little,moderate,3612,18,furniture/equipment,good,Adult
42,male,3,free,little,little,7763,48,car,bad,Adult
45,female,1,own,little,rich,3049,18,furniture/equipment,good,Adult
23,male,2,rent,little,moderate,1534,12,radio/TV,bad,Student
60,male,2,free,little,,2032,24,car,good,Adult
31,male,2,own,,little,6350,30,furniture/equipment,bad,Young
34,male,1,own,little,rich,2864,18,furniture/equipment,bad,Young
61,male,1,own,little,,1255,12,car,good,Senior
43,male,2,free,little,little,1333,24,car,bad,Adult
37,female,2,own,little,,2022,24,car,good,Adult
32,male,2,own,little,,1552,24,radio/TV,good,Young
24,female,1,own,little,little,626,12,radio/TV,bad,Student
35,male,2,free,,,8858,48,car,good,Young
23,female,2,own,,,996,12,repairs,good,Student
45,male,1,own,quite rich,,1750,6,radio/TV,good,Adult
34,male,2,own,little,little,6999,48,radio/TV,bad,Young
27,male,2,own,moderate,moderate,1995,12,car,good,Young
67,female,3,own,little,moderate,1199,9,education,good,Senior
22,male,2,own,little,moderate,1331,12,radio/TV,bad,Student
28,female,2,own,moderate,moderate,2278,18,car,bad,Young
29,female,2,own,,,5003,21,car,bad,Young
27,male,2,own,little,little,3552,24,furniture/equipment,bad,Young
31,male,1,own,little,moderate,1928,18,furniture/equipment,bad,Young
49,male,2,free,,little,2964,24,car,good,Adult
24,male,1,rent,little,little,1546,24,radio/TV,bad,Student
29,female,2,own,little,rich,683,6,radio/TV,good,Young
37,male,2,free,,moderate,12389,36,car,bad,Adult
37,male,3,own,,moderate,4712,24,business,good,Adult
23,female,2,rent,moderate,moderate,1553,24,radio/TV,good,Student
36,male,2,own,little,little,1372,12,car,bad,Adult
34,male,2,own,rich,,2578,24,radio/TV,good,Young
41,male,2,own,,moderate,3979,48,radio/TV,good,Adult
31,female,2,own,little,little,6758,48,radio/TV,bad,Young
23,female,1,rent,little,little,3234,24,furniture/equipment,bad,Student
38,male,2,own,little,,5954,30,radio/TV,good,Adult
26,female,3,rent,,,5433,24,car,good,Young
22,female,1,own,little,little,806,15,business,good,Student
27,male,1,own,little,moderate,1082,9,radio/TV,good,Young
24,female,2,own,little,,2788,15,furniture/equipment,good,Student
27,female,2,own,little,moderate,2930,12,radio/TV,good,Young
33,female,2,own,,,1927,24,education,good,Young
27,male,2,own,little,moderate,2820,36,car,bad,Young
27,male,1,own,little,,937,24,education,good,Young
30,male,2,own,little,moderate,1056,18,car,bad,Young
49,male,1,own,little,moderate,3124,12,car,good,Adult
26,female,2,rent,little,,1388,9,furniture/equipment,good,Young
33,male,1,rent,little,moderate,2384,36,repairs,bad,Young
52,female,3,free,,,2133,12,car,good,Adult
20,female,2,rent,little,little,2039,18,furniture/equipment,bad,Student
36,male,2,rent,little,little,2799,9,car,good,Adult
21,male,1,own,little,little,1289,12,furniture/equipment,good,Student
47,male,1,own,little,little,1217,18,domestic appliances,bad,Adult
60,male,2,own,little,little,2246,12,furniture/equipment,bad,Adult
58,female,1,own,little,little,385,12,radio/TV,good,Adult
42,female,2,rent,,moderate,1965,24,car,good,Adult
36,female,1,own,rich,,1572,21,business,good,Adult
20,female,1,rent,little,moderate,2718,24,car,bad,Student
40,male,3,own,,little,1358,24,vacation/others,bad,Adult
32,female,1,own,moderate,moderate,931,6,car,bad,Young
23,female,2,rent,little,little,1442,24,car,bad,Student
36,male,1,own,little,moderate,4241,24,business,bad,Adult
31,male,2,own,little,,2775,18,car,bad,Young
32,male,2,free,little,,3863,24,business,good,Young
45,female,2,own,little,moderate,2329,7,radio/TV,good,Adult
30,female,2,own,little,moderate,918,9,furniture/equipment,bad,Young
34,female,1,free,little,moderate,1837,24,education,bad,Young
28,female,3,own,little,,3349,36,furniture/equipment,bad,Young
23,female,2,own,little,rich,1275,10,furniture/equipment,good,Student
22,male,2,own,quite rich,little,2828,24,furniture/equipment,good,Student
74,male,3,own,little,,4526,24,business,good,Senior
50,female,2,free,moderate,moderate,2671,36,radio/TV,bad,Adult
33,male,2,own,little,,2051,18,radio/TV,good,Young
45,male,2,free,,,1300,15,car,good,Adult
22,female,2,own,moderate,little,741,12,domestic appliances,bad,Student
48,female,1,free,moderate,rich,1240,10,car,bad,Adult
29,female,2,own,rich,little,3357,21,radio/TV,good,Young
22,female,2,rent,little,little,3632,24,car,good,Student
22,female,2,own,little,,1808,18,furniture/equipment,bad,Student
48,male,3,own,,moderate,12204,48,business,good,Adult
27,male,3,free,,moderate,9157,60,radio/TV,good,Young
37,male,2,rent,little,little,3676,6,car,good,Adult
21,female,2,rent,moderate,moderate,3441,30,furniture/equipment,bad,Student
49,male,1,own,little,,640,12,car,good,Adult
27,male,2,own,little,moderate,3652,21,business,good,Young
32,male,2,own,little,,1530,18,car,bad,Young
38,male,2,own,,,3914,48,business,bad,Adult
22,female,2,rent,little,little,1858,12,furniture/equipment,good,Student
65,male,2,free,little,little,2600,18,radio/TV,bad,Senior
35,male,2,own,,,1979,15,radio/TV,good,Young
41,male,2,own,little,rich,2116,6,furniture/equipment,good,Adult
29,male,2,own,moderate,moderate,1437,9,car,bad,Young
36,male,2,own,quite rich,,4042,42,furniture/equipment,good,Adult
64,male,1,own,,,3832,9,education,good,Senior
28,female,2,own,little,little,3660,24,radio/TV,good,Young
44,male,2,own,little,little,1553,18,furniture/equipment,bad,Adult
23,male,2,own,,moderate,1444,15,radio/TV,good,Student
19,female,2,rent,little,,1980,9,furniture/equipment,bad,Student
25,female,1,own,little,moderate,1355,24,car,bad,Student
47,male,2,own,little,,1393,12,education,good,Adult
28,female,2,own,quite rich,,1376,24,radio/TV,good,Young
21,male,2,own,little,,15653,60,radio/TV,good,Student
34,female,2,own,little,,1493,12,radio/TV,good,Young
26,male,2,own,little,little,4370,42,radio/TV,bad,Young
27,female,0,own,little,little,750,18,education,bad,Young
38,male,1,own,little,moderate,1308,15,repairs,good,Adult
40,male,3,own,moderate,,4623,15,education,bad,Adult
33,male,2,own,little,,1851,24,radio/TV,good,Young
32,male,3,own,little,little,1880,18,radio/TV,good,Young
27,male,2,rent,,,7980,36,business,bad,Young
32,male,2,own,little,little,4583,30,furniture/equipment,good,Young
26,female,2,own,quite rich,,1386,12,car,bad,Young
38,male,2,free,little,rich,947,24,car,bad,Adult
40,male,1,rent,little,little,684,12,education,bad,Adult
50,male,3,free,little,little,7476,48,education,good,Adult
37,male,1,own,little,moderate,1922,12,furniture/equipment,bad,Adult
45,male,2,own,little,little,2303,24,car,bad,Adult
42,male,3,own,moderate,moderate,8086,36,car,bad,Adult
35,male,2,own,little,,2346,24,car,good,Young
22,male,2,free,little,little,3973,14,car,good,Student
41,male,1,own,little,moderate,888,12,car,bad,Adult
37,male,2,own,,,10222,48,radio/TV,good,Adult
28,female,2,own,little,moderate,4221,30,business,good,Young
41,male,2,own,little,moderate,6361,18,furniture/equipment,good,Adult
23,male,2,rent,little,rich,1297,12,radio/TV,good,Student
23,male,2,own,,little,900,12,car,bad,Student
50,male,2,own,little,,2241,21,furniture/equipment,good,Adult
35,male,3,own,little,moderate,1050,6,furniture/equipment,good,Young
50,female,1,own,little,rich,1047,6,education,good,Adult
27,male,3,own,little,,6314,24,vacation/others,good,Young
34,male,2,own,rich,moderate,3496,30,furniture/equipment,good,Young
27,female,2,own,little,,3609,48,business,good,Young
43,male,2,rent,little,little,4843,12,car,bad,Adult
47,male,2,own,little,rich,3017,30,radio/TV,good,Adult
27,male,1,own,moderate,,4139,24,business,good,Young
31,male,2,own,moderate,,5742,36,business,good,Young
42,male,3,own,little,,10366,60,car,good,Adult
24,male,2,own,quite rich,,2080,6,car,good,Student
41,male,1,own,quite rich,,2580,21,business,bad,Adult
26,female,3,rent,little,,4530,30,radio/TV,good,Young
33,male,2,own,little,,5150,24,furniture/equipment,good,Young
24,male,2,own,moderate,moderate,5595,72,radio/TV,bad,Student
64,male,1,rent,little,little,2384,24,radio/TV,good,Senior
26,female,2,own,little,,1453,18,radio/TV,good,Young
56,female,2,own,little,,1538,6,education,good,Adult
37,male,2,free,,,2279,12,radio/TV,good,Adult
33,male,2,own,little,,1478,15,radio/TV,good,Young
47,male,2,free,little,,5103,24,radio/TV,good,Adult
31,male,1,own,moderate,moderate,9857,36,business,good,Young
34,male,2,free,,,6527,60,car,good,Young
27,male,2,own,,rich,1347,10,radio/TV,good,Young
30,male,2,free,moderate,moderate,2862,36,car,good,Young
35,male,2,own,moderate,,2753,9,radio/TV,good,Young
31,male,2,own,rich,little,3651,12,car,good,Young
25,male,2,own,little,little,975,15,furniture/equipment,good,Student
25,female,1,own,moderate,moderate,2631,15,repairs,good,Student
29,male,2,own,moderate,moderate,2896,24,radio/TV,good,Young
44,male,1,own,,little,4716,6,car,good,Adult
28,male,2,own,little,,2284,24,radio/TV,good,Young
50,male,2,rent,quite rich,,1236,6,car,good,Adult
29,male,2,own,little,moderate,1103,12,radio/TV,good,Young
38,female,0,own,little,,926,12,car,good,Adult
24,male,2,own,little,,1800,18,radio/TV,good,Student
40,male,3,rent,little,rich,1905,15,education,good,Adult
29,female,1,rent,quite rich,,1123,12,furniture/equipment,bad,Young
46,male,2,free,little,little,6331,48,car,bad,Adult
47,female,2,free,moderate,rich,1377,24,radio/TV,good,Adult
41,male,2,own,moderate,moderate,2503,30,business,good,Adult
32,female,2,own,little,moderate,2528,27,business,good,Young
35,female,2,free,quite rich,,5324,15,car,good,Young
24,male,2,own,moderate,moderate,6560,48,car,bad,Student
25,female,2,rent,little,moderate,2969,12,furniture/equipment,bad,Student
25,female,2,own,little,moderate,1206,9,radio/TV,good,Student
37,male,1,own,little,moderate,2118,9,radio/TV,good,Adult
32,male,3,own,quite rich,,629,18,radio/TV,good,Young
35,female,2,free,little,little,1198,6,education,bad,Young
46,male,3,own,,,2476,21,car,good,Adult
25,male,1,own,little,little,1138,9,radio/TV,good,Student
27,male,3,own,little,moderate,14027,60,car,bad,Young
63,male,2,own,,,7596,30,car,good,Senior
40,male,2,own,,,3077,30,radio/TV,good,Adult
32,male,3,free,little,,1505,18,radio/TV,good,Young
31,male,2,own,,rich,3148,24,radio/TV,good,Young
31,male,2,own,moderate,moderate,6148,20,car,good,Young
34,male,3,own,little,rich,1337,9,radio/TV,bad,Young
24,female,2,rent,rich,moderate,433,6,education,bad,Student
24,female,1,own,little,little,1228,12,car,bad,Student
66,female,1,own,quite rich,moderate,790,9,radio/TV,good,Senior
21,female,2,rent,little,,2570,27,car,bad,Student
41,female,1,own,rich,,250,6,car,good,Adult
47,male,1,own,quite rich,,1316,15,radio/TV,good,Adult
25,female,2,rent,little,little,1882,18,radio/TV,bad,Student
59,female,2,rent,little,moderate,6416,48,business,bad,Adult
36,male,2,own,rich,rich,1275,24,business,good,Adult
33,male,2,own,little,moderate,6403,24,radio/TV,good,Young
21,male,1,rent,little,little,1987,24,radio/TV,bad,Student
44,female,1,own,little,moderate,760,8,radio/TV,good,Adult
28,female,2,rent,rich,,2603,24,car,good,Young
37,female,2,own,little,,3380,4,car,good,Adult
29,female,0,own,,moderate,3990,36,domestic appliances,good,Young
23,female,3,rent,little,moderate,11560,24,car,bad,Student
35,male,1,own,moderate,little,4380,18,car,good,Young
45,male,3,own,little,,6761,6,car,good,Adult
26,female,1,rent,moderate,moderate,4280,30,business,bad,Young
32,male,2,own,moderate,little,2325,24,car,good,Young
23,male,1,own,little,moderate,1048,10,radio/TV,good,Student
41,male,2,own,,,3160,21,radio/TV,good,Adult
22,male,2,own,quite rich,little,2483,24,furniture/equipment,good,Student
30,male,3,own,,little,14179,39,furniture/equipment,good,Young
28,male,1,own,little,little,1797,13,business,good,Young
23,female,2,rent,little,little,2511,15,car,good,Student
37,female,1,own,little,little,1274,12,car,bad,Adult
26,male,2,own,,,5248,21,car,good,Young
33,male,2,own,little,,3029,15,car,good,Young
49,female,2,own,little,little,428,6,furniture/equipment,good,Adult
23,female,1,own,little,little,976,18,car,bad,Student
23,female,1,rent,moderate,moderate,841,12,business,good,Student
25,female,2,own,little,,5771,30,radio/TV,good,Student
55,male,2,free,rich,,1555,12,repairs,bad,Adult
32,female,2,rent,,little,1285,24,car,bad,Young
74,male,0,own,little,rich,1299,6,car,good,Senior
39,male,2,free,,rich,1271,15,radio/TV,bad,Adult
31,male,2,own,little,,1393,24,car,good,Young
35,male,2,own,little,little,691,12,car,bad,Young
59,female,2,own,,,5045,15,car,good,Adult
24,female,2,rent,little,little,2124,18,furniture/equipment,bad,Student
24,male,1,own,little,little,2214,12,radio/TV,good,Student
30,male,3,free,,,12680,21,car,bad,Young
27,male,2,own,moderate,,2463,24,car,good,Young
40,male,1,own,little,moderate,1155,12,radio/TV,good,Adult
31,male,1,own,little,little,3108,30,furniture/equipment,bad,Young
31,female,2,rent,,,2901,10,car,good,Young
28,male,2,rent,little,moderate,3617,12,furniture/equipment,good,Young
63,male,1,own,little,,1655,12,radio/TV,good,Senior
26,female,2,rent,,little,2812,24,car,good,Young
25,female,3,own,little,little,8065,36,education,bad,Student
36,male,3,own,little,,3275,21,car,good,Adult
52,male,2,own,moderate,,2223,24,radio/TV,good,Adult
66,male,0,free,quite rich,rich,1480,12,car,good,Senior
25,female,2,rent,,little,1371,24,car,bad,Student
37,male,2,own,little,,3535,36,car,good,Adult
25,female,2,own,little,little,3509,18,radio/TV,good,Student
38,male,3,own,rich,,5711,36,car,good,Adult
67,female,2,own,little,moderate,3872,18,repairs,good,Senior
25,male,2,own,little,moderate,4933,39,radio/TV,bad,Student
60,male,2,own,rich,,1940,24,car,good,Adult
31,male,1,own,little,moderate,1410,12,education,good,Young
23,female,1,own,moderate,moderate,836,12,car,bad,Student
60,male,3,own,,moderate,6468,20,car,good,Adult
35,male,1,own,rich,moderate,1941,18,business,good,Young
40,male,2,own,quite rich,,2675,22,radio/TV,good,Adult
38,male,2,own,,,2751,48,car,good,Adult
50,male,2,free,little,moderate,6224,48,education,bad,Adult
27,male,2,own,little,little,5998,40,education,bad,Young
39,female,2,own,little,moderate,1188,21,business,bad,Adult
41,male,3,own,,,6313,24,car,good,Adult
27,male,2,own,,,1221,6,furniture/equipment,good,Young
51,male,2,free,little,rich,2892,24,furniture/equipment,good,Adult
32,male,2,rent,quite rich,,3062,24,furniture/equipment,good,Young
22,female,2,rent,moderate,,2301,9,furniture/equipment,good,Student
51,male,2,free,,little,7511,18,car,bad,Adult
22,female,1,rent,little,,1258,12,furniture/equipment,good,Student
54,male,2,own,,,717,24,car,good,Adult
35,male,0,own,,moderate,1549,9,car,good,Young
54,male,2,free,little,,1597,24,education,good,Adult
48,female,1,rent,little,moderate,1795,18,radio/TV,good,Adult
24,female,2,own,little,little,4272,20,furniture/equipment,good,Student
35,male,2,own,,,976,12,radio/TV,good,Young
24,female,0,rent,,moderate,7472,12,car,good,Student
24,male,2,own,little,little,9271,36,car,bad,Student
26,male,1,own,little,moderate,590,6,radio/TV,good,Young
65,male,2,own,,,930,12,radio/TV,good,Senior
55,male,3,free,little,moderate,9283,42,car,good,Adult
26,female,0,rent,little,moderate,1778,15,car,bad,Young
26,male,2,own,little,moderate,907,8,business,good,Young
28,male,1,own,little,moderate,484,6,radio/TV,good,Young
24,male,2,own,little,little,9629,36,car,bad,Student
54,male,2,own,little,little,3051,48,domestic appliances,bad,Adult
46,male,2,free,little,little,3931,48,car,bad,Adult
54,female,2,rent,little,moderate,7432,36,car,good,Adult
62,male,2,own,quite rich,,1338,6,domestic appliances,good,Senior
24,female,2,rent,little,,1554,6,radio/TV,good,Student
43,male,3,own,little,little,15857,36,vacation/others,good,Adult
26,male,2,own,little,little,1345,18,radio/TV,bad,Young
27,male,2,own,little,,1101,12,car,good,Young
24,male,2,own,little,rich,3016,12,radio/TV,good,Student
41,male,2,own,little,little,2712,36,furniture/equipment,bad,Adult
47,male,1,own,little,little,731,8,car,good,Adult
35,male,3,own,little,,3780,18,furniture/equipment,good,Young
30,male,2,own,little,little,1602,21,car,good,Young
33,female,2,rent,little,little,3966,18,car,bad,Young
36,male,2,own,little,,4165,18,business,bad,Adult
47,male,2,free,,little,8335,36,car,bad,Adult
38,male,2,free,,moderate,6681,48,business,good,Adult
44,male,2,own,quite rich,,2375,24,business,good,Adult
23,female,2,rent,little,little,1216,18,car,bad,Student
29,male,2,rent,little,little,11816,45,business,bad,Young
42,female,2,own,,moderate,5084,24,radio/TV,good,Adult
25,female,1,own,little,rich,2327,15,radio/TV,bad,Student
48,male,2,own,little,little,1082,12,car,bad,Adult
21,female,2,own,,,886,12,radio/TV,good,Student
23,female,1,rent,little,,601,4,furniture/equipment,good,Student
63,male,2,own,little,little,2957,24,car,good,Senior
46,male,2,own,little,,2611,24,radio/TV,good,Adult
29,male,2,own,little,little,5179,36,furniture/equipment,bad,Young
28,male,1,own,little,,2993,21,car,good,Young
23,female,2,own,little,,1943,18,repairs,bad,Student
50,male,2,own,little,,1559,24,business,good,Adult
47,male,2,own,little,,3422,18,furniture/equipment,good,Adult
35,male,2,own,,moderate,3976,21,furniture/equipment,good,Young
68,male,2,rent,,,6761,18,car,bad,Senior
28,male,2,own,little,,1249,24,car,good,Young
59,male,2,own,little,little,1364,9,radio/TV,good,Adult
57,male,1,own,little,little,709,12,radio/TV,bad,Adult
33,male,2,rent,little,little,2235,20,car,bad,Young
43,male,2,own,,,4042,24,car,good,Adult
35,male,2,free,little,,1471,15,radio/TV,good,Young
32,male,1,free,little,little,1442,18,car,bad,Young
45,male,2,own,little,,10875,36,car,good,Adult
33,male,2,own,moderate,,1474,24,car,good,Young
40,female,2,own,,,894,10,education,good,Adult
28,male,2,free,little,,3343,15,furniture/equipment,good,Young
29,female,2,own,little,little,3959,15,car,bad,Young
26,male,2,rent,moderate,,3577,9,car,good,Young
27,male,2,own,rich,,5804,24,car,good,Young
28,male,2,own,little,,2169,18,business,bad,Young
35,female,2,own,little,little,2439,24,radio/TV,bad,Young
32,male,1,own,rich,,4526,27,furniture/equipment,good,Young
25,male,1,rent,little,,2210,10,furniture/equipment,bad,Student
20,female,2,rent,quite rich,,2221,15,furniture/equipment,good,Student
27,female,2,own,little,little,2389,18,radio/TV,good,Young
42,male,2,own,little,,3331,12,furniture/equipment,good,Adult
37,male,2,own,,,7409,36,business,good,Adult
24,female,2,rent,little,little,652,12,furniture/equipment,good,Student
40,female,2,own,quite rich,,7678,36,furniture/equipment,good,Adult
46,male,2,own,little,rich,1343,6,car,good,Adult
26,male,2,own,moderate,little,1382,24,business,good,Young
24,female,2,own,,,874,15,domestic appliances,good,Student
29,male,1,own,little,little,3590,12,furniture/equipment,good,Young
40,female,2,own,rich,moderate,1322,11,car,good,Adult
36,male,3,free,little,little,1940,18,radio/TV,good,Adult
28,male,2,own,little,,3595,36,radio/TV,good,Young
27,male,3,free,little,little,1422,9,car,bad,Young
36,male,2,own,,,6742,30,radio/TV,good,Adult
38,male,3,own,little,,7814,24,car,good,Adult
48,male,2,free,,,9277,24,car,good,Adult
36,male,2,own,,moderate,2181,30,car,good,Adult
65,female,0,own,little,,1098,18,radio/TV,good,Senior
43,male,2,own,little,moderate,4057,24,furniture/equipment,bad,Adult
53,female,2,own,little,little,795,12,education,bad,Adult
34,male,2,own,,moderate,2825,24,business,good,Young
23,male,2,own,little,moderate,15672,48,business,bad,Student
34,male,3,own,little,,6614,36,car,good,Young
40,male,2,rent,,,7824,28,car,good,Adult
43,male,3,own,little,little,2442,27,business,good,Adult
46,male,2,own,little,,1829,15,radio/TV,good,Adult
38,male,1,own,little,little,2171,12,car,good,Adult
34,male,2,own,little,moderate,5800,36,car,good,Young
29,male,2,own,,,1169,18,radio/TV,good,Young
31,male,3,own,,,8947,36,car,good,Young
28,female,3,rent,little,little,2606,21,radio/TV,good,Young
35,female,2,own,rich,,1592,12,furniture/equipment,good,Young
33,female,1,rent,,,2186,15,furniture/equipment,good,Young
42,male,2,own,little,little,4153,18,furniture/equipment,bad,Adult
43,male,2,rent,little,little,2625,16,car,bad,Adult
44,male,2,own,,,3485,20,car,good,Adult
42,male,2,free,,,10477,36,car,good,Adult
40,male,2,rent,,,1386,15,radio/TV,good,Adult
36,male,3,own,little,,1278,24,radio/TV,good,Adult
20,male,3,rent,little,little,1107,12,radio/TV,good,Student
24,male,1,own,,little,3763,21,car,good,Student
27,male,2,own,,moderate,3711,36,education,good,Young
46,female,1,own,little,,3594,15,car,good,Adult
33,female,1,own,,moderate,3195,9,car,good,Young
34,female,2,own,little,,4454,36,radio/TV,good,Young
25,female,1,own,little,moderate,4736,24,furniture/equipment,bad,Student
25,female,2,own,,moderate,2991,30,radio/TV,good,Student
28,male,2,own,rich,,2142,11,business,good,Young
31,male,2,rent,little,little,3161,24,business,bad,Young
32,female,3,own,little,moderate,18424,48,vacation/others,bad,Young
32,male,2,own,moderate,,2848,10,car,good,Young
68,male,3,own,little,little,14896,6,car,bad,Senior
33,male,2,own,moderate,little,2359,24,furniture/equipment,bad,Young
39,male,3,rent,little,little,3345,24,furniture/equipment,bad,Adult
28,female,2,own,little,,1817,18,furniture/equipment,good,Young
37,male,3,own,quite rich,,12749,48,radio/TV,good,Adult
22,female,2,rent,little,little,1366,9,radio/TV,bad,Student
30,male,2,rent,little,moderate,2002,12,car,good,Young
55,male,2,own,little,little,6872,24,furniture/equipment,bad,Adult
46,male,2,own,little,little,697,12,car,bad,Adult
21,female,2,rent,little,little,1049,18,furniture/equipment,good,Student
39,male,2,free,little,little,10297,48,car,bad,Adult
58,male,2,own,,,1867,30,radio/TV,good,Adult
43,male,1,own,little,little,1344,12,car,good,Adult
24,male,1,own,little,little,1747,24,furniture/equipment,good,Student
22,female,2,own,little,moderate,1670,9,radio/TV,bad,Student
30,male,2,own,little,,1224,9,car,good,Young
42,male,2,own,quite rich,,522,12,radio/TV,good,Adult
23,female,2,own,little,little,1498,12,radio/TV,good,Student
30,male,3,own,moderate,moderate,1919,30,radio/TV,bad,Young
28,female,1,own,little,rich,745,9,radio/TV,bad,Young
30,male,3,rent,little,moderate,2063,6,radio/TV,good,Young
42,male,2,free,little,moderate,6288,60,education,bad,Adult
46,male,3,own,,,6842,24,car,good,Adult
45,male,3,own,,,3527,12,car,good,Adult
31,male,1,own,little,,1546,10,car,good,Young
31,male,2,own,,,929,24,furniture/equipment,good,Young
42,male,1,own,little,,1455,4,car,good,Adult
46,female,2,rent,little,little,1845,15,furniture/equipment,good,Adult
30,female,2,own,quite rich,moderate,8358,48,car,good,Young
30,male,2,free,quite rich,little,3349,24,furniture/equipment,bad,Young
38,male,3,own,,,2859,12,car,good,Adult
43,male,1,own,little,,1533,18,furniture/equipment,bad,Adult
31,male,2,own,moderate,,3621,24,radio/TV,bad,Young
40,male,0,own,little,moderate,3590,18,business,good,Adult
24,male,2,own,little,little,2145,36,business,bad,Student
28,female,2,rent,quite rich,moderate,4113,24,car,bad,Young
26,female,3,own,little,,10974,36,furniture/equipment,bad,Young
29,female,2,own,little,little,1893,12,car,good,Young
57,female,3,rent,rich,little,1231,24,radio/TV,good,Adult
49,male,1,own,,rich,3656,30,radio/TV,good,Adult
37,male,1,own,little,moderate,1154,9,radio/TV,good,Adult
45,male,1,own,little,little,4006,28,car,bad,Adult
30,male,2,free,moderate,moderate,3069,24,furniture/equipment,good,Young
30,male,2,rent,little,,1740,6,radio/TV,good,Young
47,male,2,own,little,moderate,2353,21,car,good,Adult
29,male,2,own,,,3556,15,car,good,Young
35,male,2,own,quite rich,,2397,24,radio/TV,bad,Young
22,male,1,own,little,moderate,454,6,repairs,good,Student
26,female,2,own,,moderate,1715,30,radio/TV,good,Young
23,male,1,own,quite rich,moderate,2520,27,radio/TV,bad,Student
54,female,3,rent,little,,3568,15,radio/TV,good,Adult
29,male,2,rent,,,7166,42,radio/TV,good,Young
40,male,1,own,little,little,3939,11,car,good,Adult
22,male,2,own,moderate,moderate,1514,15,repairs,good,Student
43,male,1,own,little,,7393,24,car,good,Adult
29,female,0,rent,little,little,1193,24,car,bad,Young
36,male,2,rent,little,little,7297,60,business,bad,Adult
33,female,2,own,little,,2831,30,radio/TV,good,Young
57,female,1,own,quite rich,rich,1258,24,radio/TV,good,Adult
64,female,2,own,little,moderate,753,6,radio/TV,good,Senior
42,male,2,own,,moderate,2427,18,business,good,Adult
47,male,1,own,little,,2538,24,car,bad,Adult
25,male,2,rent,moderate,moderate,1264,15,car,bad,Student
49,male,2,own,little,moderate,8386,30,furniture/equipment,bad,Adult
33,male,3,rent,little,,4844,48,business,bad,Young
28,female,3,own,moderate,rich,2923,21,car,good,Young
26,male,2,own,little,little,8229,36,car,bad,Young
30,male,1,own,little,,2028,24,furniture/equipment,good,Young
25,female,2,rent,little,little,1433,15,furniture/equipment,good,Student
33,male,2,own,little,rich,6289,42,business,good,Young
64,female,2,own,moderate,,1409,13,radio/TV,good,Senior
29,male,3,free,little,little,6579,24,car,good,Young
48,male,1,own,little,moderate,1743,24,radio/TV,good,Adult
37,male,1,own,,,3565,12,education,good,Adult
34,male,1,own,moderate,,1569,15,radio/TV,good,Young
23,male,1,rent,,little,1936,18,radio/TV,good,Student
30,male,3,own,little,little,3959,36,furniture/equipment,good,Young
50,male,2,own,,,2390,12,car,good,Adult
31,female,1,own,little,,1736,12,furniture/equipment,good,Young
40,male,3,own,little,little,3857,30,car,good,Adult
38,male,2,own,little,,804,12,radio/TV,good,Adult
23,male,2,free,little,little,1845,45,radio/TV,bad,Student
27,male,2,own,moderate,moderate,4576,45,car,good,Young
